ticket_id,refund_inr,agent_notes,suggested_code,suggested_conf,human_code
TK-252492,500.0,cust contacted re dlvry delayed. chk awb w/ crr. rfnd of rs 500 initiated to source.,LOST-TRANSIT,0.8875007052218157,
TK-241062,6999.0,"cx: pairing failure | checked phone os version -> reset done, paired ok. -- Both refund and replacement given as cx threatened social media. ~Krishna",WTY-BUYBACK,0.7493703820419023,
TK-252718,2249.0,"refund approved, rs 2249, 5-7 working days",PRICE-ADJ,0.7042680229690218,
TK-245945,3499.0,re: single sidde audio only | walked through reset -> escalated to warranty ~Krishna,REVIEW,0.5037257051048255,
TK-254328,3149.0,"Replacement raised, RMA shared w/ cx. Issue: L bud no charge in case. Asked cx to cleaan charging pins.
rfnd processed to source; replacement unit also shipped. //MEE",WTY-BUYBACK,0.662604891150769,
TK-241845,6999.0,"1. pkp missed
2. Checked pkp AWB
3. Full refund processed (6999)",RETURN-QC-OK,0.8778338488517571,
TK-248342,6998.0,"cx reached out - refund delay. Checked reverse pickup QC status. Refund approved, Rs 6998, 5-7 working days. Cx informed.",RETURN-QC-OK,0.9496432994009251,
TK-254348,1709.0,"1. Left side silent
2. Checked balance settings with cx
3. Transferred to Escalations & Warranty
4. Replacement raised. | Refunded Rs 1709 and also raised replacement, cx was very upset.",DOA-REPL,0.701237508977215,
TK-250580,12348.0,"1. Incorrect product shipped
2. Raised with warehouse
3. rfnd approved, Rs 12348, 5-7 working days. Offered replacement, cx preferred refund. Refund processed.",REVIEW,0.4889510904799929,
TK-252097,3499.0,"1. App crash on device page
2. chk app version
3. Refund approved, Rs 3499, 5-7 working days (SOP 3.1) -KS",REVIEW,0.4720044242121314,
TK-252644,1400.0,contact re rfnd not credited. checked reverse pkp qc status. xfer to email frontline. rfnd of rs 1400 initiated to source.,RETURN-QC-OK,0.9571559135879962,
TK-240311,288.0,Refunded Rs 288. Issue: failed order after payment. chk PG dashboard for txn.,DUP-PAYMENT,0.9409083554067229,
TK-247114,6648.0,"l bud no charge in case | tested with cx on call -> replacement raised, rma shared with cx.
refunded rs 6648 & also raised replacement, cx was very upset.",WTY-BUYBACK,0.6522665970577475,
TK-246487,3324.0,cx ok,DUP-PAYMENT,0.8309259028431779,
TK-251248,4999.0,"Cx says unable to pair with phone. chk phone OS version. Reset done, paired ok. rfnd + rplc, cx escalation avoided.",WTY-BUYBACK,0.6328209038206107,
TK-243933,4749.0,as discussed (sop 4.2),DUP-PAYMENT,0.9709744367460591,
TK-245697,1529.0,"1. Transit damage
2. chk with courier for damage claim
3. Refunded Rs 1529 //AIS",DOA-REPL,0.9316974811828642,
TK-244757,1000.0,"order manually created. issue: payment debited, no order. confirmed with payment gateway.",DUP-PAYMENT,0.9420263530073134,
TK-251021,500.0,"Cust contacted re cancel ord. Cancelled before dispatch. rfnd approved, Rs 500, 5-7 working days. Will monitor.",CANCEL,0.9381921454812224,
TK-247350,5199.0,"Cx says refund not credited. chk refund status on PG. Full refunnd processed (5199). Will monitor. (SOP 5.4)
Offered replacement, cx preferred refund. Refund processed.",RETURN-QC-OK,0.8684986980304746,
TK-249195,5399.0,"Cx says transit damage. chk with courier for damage claim. Replacement unit dispatched.
Both refund and replacement given as cx threatened social media. //AIS",DOA-REPL,0.9499006001600965,
TK-250120,270.0,"1. refund delay
2. checked refund status on pg
3. refunded rs 270.
refund issued; rplc not applicable (out of stock). ~Manish",RETURN-QC-OK,0.9719359586228633,
TK-248575,1799.0,"Reported: failed ord affter payment. chk PG dashboard for txn. rfd approved, Rs 1799, 5-7 working days. Follow-up not required.",DUP-PAYMENT,0.9694848582991134,
TK-248916,1299.0,cancel order | checked shipmnt status -> refund of rs 1299 initiated to source,CANCEL,0.8891514559245971,
TK-243961,1619.0,"ticket raised for left bud not charging. chk case led behaviour w/ cx. rplc approved, reverse pkp arranged. -- full rfnd issued & replacement dispatched as goodwill. -KS",DOA-REPL,0.7461449006043974,
TK-242117,2249.0,"Ticket raised for ord cancellation. Cancelled before dispatch. Cancelled, rfnd initiated. Cx informed.",CANCEL,0.9525976208520407,
TK-254439,1529.0,"Reset done, paired ok. Issue: unable to pair w/ phone. Walked throuh forget + re-pair. | refund + rplc, cx escalation avoided. ~Tenzin",WTY-BUYBACK,0.749878486381228,
TK-244165,3499.0,"Cust contacted re cancel order. Checked shipment status. Cancelled, refund initiated.",CANCEL,0.9876939025865044,
TK-253133,195.0,"issue: cancellation request | cancelled before dispatch -> already shipped, advised rto/return [closed]",CANCEL,0.9740857094209184,
TK-246412,1799.0,rfnd of rs 1799 initiated to source ~Sneha,DUP-PAYMENT,0.722185542581442,
TK-240650,6299.0,"1. charged twice
2. chk pg for duplicate txn
3. refund processed",DUP-PAYMENT,0.968916302307122,
TK-247128,1105.0,customer reached out - unit rcvd damaged. chk w/ crr for damage claim. full rfnd processed (1105).,DOA-REPL,0.8911805175064692,
TK-245244,1999.0,"done (SOP 4.2)
Refunded. rplc request rejected as per policy.",RETURN-QC-OK,0.8701576743165944,
TK-252118,2470.0,"Refund approved, Rs 2470, 5-7 working days. Issue: pkp missed. Re-raised pkp w/ crr. (SOP 5.4)",RETURN-QC-OK,0.8021724078222245,
TK-253422,6499.0,"cx reached out - ord cancellation. checked shipment status. already shipped, advised rto/return.",CANCEL,0.9224188121577899,
TK-241942,1999.0,cx states refund delay. chk refund status on pg. xfer to email frontline. refunded rs 1999. -KS,RETURN-QC-OK,0.9267308263700336,
TK-248327,2974.0,"1. ord not delivered
2. conf address with cx
3. Refund initiated as lost in transit",REVIEW,0.49993724805488043,
TK-245943,6998.0,Contact re refund delay. chk reverse pickup QC status. Refunded Rs 6998. Will monitor. (SOP 3.1) -- Refunded. Replacement request rejected as per policy.,RETURN-QC-OK,0.9399925185385175,
TK-244078,472.0,"Cx says rnd pending. Checked reverse pkp QC status. rfnd approved, Rs 472, 5-7 working days. Follow-up not required. (SOP 5.4)",RETURN-QC-OK,0.9651761384937049,
TK-243490,2799.0,Contact re left bud not charging. Walked through factory reset. rfnd of Rs 2799 initiated to source. Closing. ~Amit,DOA-REPL,0.6532357063263605,
